price,crime_rate,resid_area,air_qual,room_num,age,dist1,dist2,dist3,dist4,teachers,poor_prop,n_hos_beds,n_hot_rooms,rainfall,parks,airport,waterbody,bus_ter
24,0.006300113,32.31,0.538,6.575,65.2,4.35,3.81,4.18,4.01,24.7,4.98,5.48,11.192,23,0.049347306,YES,River,YES
21.6,0.026943735,37.07,0.469,6.421,78.9,4.99,4.7,5.12,5.06,22.2,9.14,7.332,12.1728,42,0.046145633,NO,Lake,YES
34.7,0.026924267,37.07,0.469,7.185,61.1,5.03,4.86,5.01,4.97,22.2,4.03,7.394,101.12,38,0.045763966,NO,None,YES
33.4,0.03185713,32.18,0.458,6.998,45.8,6.21,5.93,6.16,5.96,21.3,2.94,9.268,11.2672,45,0.047150598,YES,Lake,YES
36.2,0.066770404,32.18,0.458,7.147,54.2,6.16,5.86,6.37,5.86,21.3,5.33,8.824,11.2896,55,0.039474005,NO,Lake,YES
28.7,0.029413161,32.18,0.458,6.43,58.7,6.22,5.8,6.23,5.99,21.3,5.21,7.174,14.2296,53,0.045909647,YES,None,YES
22.9,0.084607657,37.87,0.524,6.012,66.6,5.87,5.47,5.7,5.2,24.8,12.43,6.958,12.1832,41,0.052169908,YES,River,YES
22.1,0.135011547,37.87,0.524,6.172,96.1,6.04,5.85,6.25,5.66,24.8,19.15,5.842,12.1768,56,0.057074901,NO,Lake,YES
16.5,0.191644628,37.87,0.524,5.631,100,6.18,5.85,6.3,6,24.8,29.93,5.93,12.132,55,0.056302495,YES,None,YES
18.9,0.157037936,37.87,0.524,6.004,85.9,6.67,6.55,6.85,6.29,24.8,17.1,9.478,14.1512,45,0.050727252,YES,River,YES
15,0.202851044,37.87,0.524,6.377,94.3,6.65,6.31,6.55,5.88,24.8,20.45,6,11.12,29,0.057775258,NO,Lake,YES
18.9,0.111067202,37.87,0.524,6.009,82.9,6.27,5.93,6.51,6.19,24.8,13.27,9.278,13.1512,23,0.055236508,NO,Lake and River,YES
21.7,0.089639587,37.87,0.524,5.889,39,5.76,5.14,5.58,5.33,24.8,15.71,5.534,10.1736,57,0.057423248,YES,Lake and River,YES
20.4,0.488432765,38.14,0.538,5.949,61.8,4.72,4.59,4.93,4.59,19,8.26,5.908,14.1632,39,0.053463955,YES,None,YES
18.2,0.493451565,38.14,0.538,6.096,84.5,4.6,4.2,4.48,4.58,19,10.26,6.964,13.1456,49,0.059882129,NO,None,YES
19.9,0.486977504,38.14,0.538,5.834,56.5,4.6,4.35,4.72,4.32,19,8.47,8.498,14.1592,28,0.059750758,YES,River,YES
23.1,0.719755031,38.14,0.538,5.935,29.3,4.66,4.39,4.52,4.43,19,6.58,5.462,10.1848,46,0.054698587,NO,None,YES
17.5,0.578970135,38.14,0.538,5.99,81.7,4.56,4.15,4.36,3.97,19,14.67,5.45,11.14,56,0.05478547,NO,Lake,YES
20.2,0.589291088,38.14,0.538,5.456,36.6,3.8,3.52,3.86,4,19,11.69,8.504,12.1616,41,0.054250839,YES,Lake and River,YES
18.2,0.545690711,38.14,0.538,5.727,69.5,3.98,3.65,4,3.57,19,11.28,8.564,12.1456,27,0.057770199,NO,Lake and River,YES
13.6,0.811725455,38.14,0.538,5.57,98.1,3.93,3.59,4.09,3.58,19,21.02,8.272,15.1088,44,0.048317527,YES,Lake and River,YES
19.6,0.616287734,38.14,0.538,5.965,89.2,4.11,3.72,4.34,3.88,19,13.83,9.192,14.1568,23,0.054040555,YES,None,YES
15.2,0.803108596,38.14,0.538,6.142,91.7,4.18,3.98,4.31,3.45,19,18.72,5.804,14.1216,48,0.057413663,YES,River,YES
14.5,0.687345383,38.14,0.538,5.813,100,4.35,3.98,4.13,3.92,19,19.88,7.49,13.116,29,0.052609397,YES,Lake,YES
15.6,0.559764348,38.14,0.538,5.924,94.1,4.69,4.07,4.72,4.12,19,16.3,8.212,13.1248,27,0.050109252,YES,Lake,YES
13.9,0.610059007,38.14,0.538,5.599,85.7,4.69,4.33,4.72,4.08,19,16.51,9.378,13.1112,35,0.051585152,YES,River,YES
16.6,0.513966685,38.14,0.538,5.813,90.3,4.94,4.59,4.71,4.49,19,14.81,9.732,12.1328,59,0.04753336,NO,Lake,YES
14.8,0.670783978,38.14,0.538,6.047,88.8,4.5,4.4,4.6,4.31,19,17.28,8.696,13.1184,20,0.048746294,YES,Lake,YES
18.4,0.572667387,38.14,0.538,6.495,94.4,4.57,4.35,4.69,4.21,19,12.8,5.968,15.1472,35,0.054327375,YES,River,YES
21,0.694371431,38.14,0.538,6.674,87.3,4.53,3.94,4.36,4.13,19,11.98,9.02,12.168,50,0.048769785,NO,River,YES
12.7,0.756502189,38.14,0.538,5.713,94.1,4.52,4.18,4.37,3.86,19,22.6,9.854,12.1016,34,0.058542025,NO,Lake,YES
14.5,0.856421824,38.14,0.538,6.072,100,4.39,4.06,4.48,3.77,19,13.04,9.29,12.116,23,0.052254284,YES,None,YES
13.2,0.870452008,38.14,0.538,5.95,82,4.01,3.86,4.31,3.79,19,27.71,8.764,14.1056,25,0.053285159,NO,River,YES
13.1,0.766267522,38.14,0.538,5.701,95,3.8,3.67,3.96,3.72,19,18.35,8.362,15.1048,25,0.057017179,YES,None,YES
13.5,0.960430098,38.14,0.538,6.096,96.9,4.07,3.66,3.87,3.44,19,20.34,9.67,11.108,40,0.049603305,YES,None,YES
18.9,0.062195153,35.96,0.499,5.933,68.2,3.69,3.27,3.54,2.94,20.8,9.68,9.478,11.1512,43,0.052911735,YES,River,YES
20,0.092980195,35.96,0.499,5.841,61.4,3.39,3.28,3.62,3.22,20.8,11.41,7.5,15.16,39,0.045356817,NO,None,YES
21,0.077090662,35.96,0.499,5.85,41.5,3.98,3.75,4.12,3.89,20.8,8.77,8.12,10.168,21,0.050974724,YES,River,YES
24.2,0.1613107,35.96,0.499,5.966,30.2,4.15,3.66,4.04,3.54,20.8,10.13,8.184,10.1936,21,0.048389259,YES,River,YES
30.8,0.02725518,32.95,0.428,6.595,21.8,5.65,5.35,5.55,5.05,21.7,4.32,6.916,12.2464,49,0.045051199,YES,River,YES
34.9,0.033038179,32.95,0.428,7.024,15.8,5.63,5.31,5.53,5.14,21.7,1.98,6.198,15.2792,20,0.042761796,YES,River,YES
26.6,0.119949576,36.91,0.448,6.77,2.9,5.77,5.72,6,5.4,22.1,4.84,7.732,13.2128,30,0.04943941,NO,Lake and River,YES
25.3,0.132343187,36.91,0.448,6.169,6.6,5.93,5.46,5.88,5.62,22.1,5.81,8.106,15.2024,52,0.041829995,NO,River,YES
24.7,0.147868129,36.91,0.448,6.211,6.5,6.04,5.66,5.84,5.34,22.1,7.44,6.094,15.1976,56,0.044818593,YES,River,YES
21.2,0.115727591,36.91,0.448,6.069,40,5.81,5.51,5.9,5.67,22.1,9.55,9.024,12.1696,53,0.039936942,NO,River,YES
19.3,0.158216688,36.91,0.448,5.682,33.8,5.23,4.95,5.21,5.02,22.1,10.21,8.086,11.1544,21,0.044495948,NO,River,YES
20,0.172574205,36.91,0.448,5.786,33.3,5.25,5,5.4,4.75,22.1,14.15,9.3,12.16,39,0.045462478,YES,Lake,YES
16.6,0.206420497,36.91,0.448,6.03,85.5,5.83,5.64,5.75,5.54,22.1,18.8,5.332,12.1328,44,0.052566062,YES,River,YES
14.4,0.226234769,36.91,0.448,5.399,95.3,5.98,5.68,5.96,5.86,22.1,30.81,7.088,14.1152,34,0.042666167,NO,None,YES
19.4,0.198662316,36.91,0.448,5.602,62,6.11,5.9,6.3,6.04,22.1,16.2,5.988,13.1552,45,0.050609653,NO,Lake and River,YES
19.7,0.085011879,35.64,0.439,5.963,45.7,7.08,6.55,7,6.63,23.2,13.45,,11.1576,21,0.040388562,YES,River,YES
20.5,0.042455859,35.64,0.439,6.115,63,7.04,6.74,7.08,6.41,23.2,9.43,7.01,11.164,30,0.047270246,YES,Lake,YES
25,0.052212871,35.64,0.439,6.511,21.1,7.02,6.76,7.12,6.37,23.2,5.28,9.9,14.2,56,0.046151955,NO,River,YES
23.4,0.048609195,35.64,0.439,5.998,21.4,6.89,6.52,6.87,6.98,23.2,8.43,9.168,11.1872,41,0.041560598,NO,River,YES
18.9,0.01350835,34,0.41,5.888,47.6,7.4,7.27,7.6,7,18.9,14.8,8.678,15.1512,55,0.038684066,YES,None,YES
35.4,0.013024808,31.22,0.403,7.249,21.9,8.9,8.41,8.79,8.69,22.1,4.81,7.508,13.2832,50,0.047984816,YES,River,YES
24.7,0.020341698,30.74,0.41,6.383,35.7,9.32,8.93,9.43,9.07,22.7,5.77,5.794,15.1976,22,0.038214107,YES,Lake,YES
31.6,0.014218437,31.32,0.411,6.816,40.5,8.63,8.28,8.37,8.02,24.9,3.95,7.432,15.2528,45,0.042595273,YES,Lake,YES
23.3,0.14362404,35.13,0.453,6.145,29.2,7.98,7.77,8.07,7.44,20.3,6.86,7.866,14.1864,22,0.04378357,NO,None,YES
19.6,0.098287561,35.13,0.453,5.927,47.2,7.26,6.68,7.1,6.68,20.3,9.22,6.192,14.1568,20,0.045900171,YES,None,YES
18.7,0.139170463,35.13,0.453,5.741,66.2,7.33,7.16,7.53,6.88,20.3,13.15,7.974,11.1496,30,0.043822595,NO,River,YES
16,0.15846422,35.13,0.453,5.966,93.4,6.84,6.67,7.08,6.69,20.3,14.44,6.22,15.128,48,0.038611012,NO,River,YES
22.2,0.104603229,35.13,0.453,6.456,67.8,7.55,7.08,7.43,6.84,20.3,6.73,5.844,10.1776,56,0.043331952,YES,None,YES
25,0.119115481,35.13,0.453,6.762,43.4,8.23,7.69,8.1,7.91,20.3,9.5,5.9,13.2,28,0.046951062,YES,Lake and River,YES
33,0.01932212,31.38,0.4161,7.104,59.5,9.44,9.09,9.37,8.99,21.4,8.05,8.26,10.264,30,0.038988656,YES,Lake and River,YES
23.5,0.035212692,33.37,0.398,6.29,17.8,6.62,6.43,6.85,6.55,23.9,4.67,9.47,12.188,20,0.037495888,NO,River,YES
19.4,0.04285832,33.37,0.398,5.787,31.1,6.7,6.44,6.84,6.46,23.9,10.24,8.988,11.1552,44,0.047875577,NO,Lake and River,YES
22,0.056276358,36.07,0.409,5.878,21.4,6.64,6.4,6.52,6.43,21.1,8.1,7.14,13.176,29,0.040528069,YES,River,YES
17.4,0.127108309,36.07,0.409,5.594,36.8,6.51,6.17,6.54,6.77,21.1,13.09,8.848,15.1392,40,0.048420864,NO,River,YES
20.9,0.120587987,36.07,0.409,5.885,33,6.55,6.39,6.6,6.46,21.1,8.79,8.318,11.1672,56,0.038387608,NO,Lake,YES
24.2,0.08458009,40.81,0.413,6.417,6.6,5.52,5.07,5.59,4.96,20.8,6.72,9.784,14.1936,38,0.040917773,YES,River,YES
21.7,0.147350468,40.81,0.413,5.961,17.5,5.44,5.2,5.42,5.09,20.8,9.88,10.034,13.1736,46,0.039985354,NO,Lake and River,YES
22.8,0.087681153,40.81,0.413,6.065,7.8,5.46,4.96,5.61,5.12,20.8,5.52,5.856,10.1824,20,0.036089025,NO,River,YES
23.4,0.178472492,40.81,0.413,6.245,6.2,5.36,5.23,5.5,5.06,20.8,7.54,5.968,12.1872,45,0.043322646,YES,Lake,YES
24.1,0.075997614,42.83,0.437,6.273,6,4.54,3.95,4.57,3.95,21.3,6.78,7.882,10.1928,40,0.038894328,NO,River,YES
21.4,0.090863946,42.83,0.437,6.286,45,4.83,4.5,4.83,3.86,21.3,8.94,6.028,10.1712,28,0.038144597,NO,None,YES
20,0.096700122,42.83,0.437,6.279,74.5,4.33,3.72,4.26,3.9,21.3,11.97,7.3,12.16,22,0.045274535,NO,None,YES
20.8,0.083486003,42.83,0.437,6.14,45.8,4.32,4.06,4.26,3.72,21.3,10.27,5.916,11.1664,57,0.041829283,YES,River,YES
21.2,0.054923696,42.83,0.437,6.232,53.7,5.34,5,5.1,4.62,21.3,12.34,8.824,15.1696,53,0.03764722,YES,Lake,YES
20.3,0.08053797,42.83,0.437,5.874,36.6,4.53,4.23,4.82,4.43,21.3,9.1,6.406,15.1624,37,0.047111045,NO,Lake and River,YES
28,0.040306662,34.86,0.426,6.727,33.5,5.5,5.28,5.4,5.42,21,5.29,6.46,14.224,54,0.037354248,YES,Lake,YES
23.9,0.043653183,34.86,0.426,6.619,70.4,5.71,5.11,5.71,5.08,21,7.22,5.578,12.1912,49,0.050032616,YES,Lake,YES
24.8,0.03593648,34.86,0.426,6.302,32.2,5.53,5.19,5.47,5.42,21,6.72,6.096,10.1984,20,0.04682196,NO,River,YES
22.9,0.034894059,34.86,0.426,6.167,46.7,5.52,5.18,5.67,5.23,21,7.51,7.558,10.1832,34,0.040448628,YES,Lake,YES
23.9,0.049351911,34.49,0.449,6.389,48,4.97,4.71,4.99,4.45,21.5,9.62,6.678,14.1912,23,0.042125262,NO,Lake,YES
26.6,0.055765778,34.49,0.449,6.63,56.1,4.75,4.15,4.49,4.37,21.5,6.53,9.732,12.2128,56,0.052065566,NO,River,YES
22.5,0.050579039,34.49,0.449,6.015,45.1,4.62,4.16,4.49,4.44,21.5,12.86,5.95,11.18,50,0.047156577,YES,River,YES
22.2,0.069068869,34.49,0.449,6.121,56.8,3.93,3.74,3.84,3.48,21.5,8.44,7.244,12.1776,43,0.050998564,YES,None,YES
23.6,0.055056206,33.41,0.489,7.007,86.3,3.5,3.09,3.44,3.65,22.2,5.5,6.972,10.1888,28,0.04554757,NO,River,YES
28.7,0.051662226,33.41,0.489,7.079,63.1,3.66,3.38,3.73,2.89,22.2,5.7,7.574,15.2296,31,0.047722824,YES,None,YES
22.6,0.045776103,33.41,0.489,6.417,66.1,3.14,2.93,3.15,3.15,22.2,8.81,7.352,15.1808,58,0.042303076,YES,Lake,YES
22,0.038566653,33.41,0.489,6.405,73.9,3.16,2.95,3.41,2.85,22.2,8.2,8.24,13.176,23,0.045096039,NO,River,YES
22.9,0.041170734,45.04,0.464,6.442,53.6,3.96,3.41,3.97,3.32,21.8,8.16,9.158,14.1832,60,0.051749737,NO,Lake,YES
25,0.028344473,45.04,0.464,6.211,28.9,3.92,3.55,3.81,3.39,21.8,6.21,10.3,14.2,46,0.049108903,NO,Lake and River,YES
20.6,0.042043648,45.04,0.464,6.249,77.3,3.81,3.34,3.92,3.39,21.8,10.59,5.712,13.1648,54,0.046459979,NO,Lake and River,YES
28.4,0.115148457,32.89,0.445,6.625,57.8,3.57,3.23,3.76,3.42,22,6.65,9.968,14.2272,46,0.046627461,NO,River,YES
21.4,0.108890279,32.89,0.445,6.163,69.6,3.58,3.35,3.54,3.51,22,11.34,10.228,12.1712,21,0.046213944,NO,River,YES
38.7,0.114069482,32.89,0.445,8.069,76,3.7,3.32,3.57,3.39,22,4.21,6.274,12.3096,53,0.041200534,YES,River,YES
43.8,0.078691025,32.89,0.445,7.82,36.9,3.54,3.42,3.6,3.43,22,3.57,10.876,10.3504,25,0.051129581,YES,Lake and River,YES
33.2,0.066349381,32.89,0.445,7.416,62.5,3.83,3.36,3.67,3.13,22,6.19,6.564,13.2656,31,0.050933645,NO,River,YES
27.5,0.138596046,38.56,0.52,6.727,79.9,3.1,2.68,2.81,2.52,19.1,9.42,9.65,15.22,24,0.046955478,YES,Lake,YES
26.5,0.108244353,38.56,0.52,6.781,71.3,3.15,2.74,3.12,2.42,19.1,7.67,7.23,10.212,58,0.0444151,YES,River,YES
18.6,0.206005531,38.56,0.52,6.405,85.4,3.03,2.55,2.73,2.55,19.1,10.63,6.772,13.1488,57,0.054341122,NO,Lake and River,YES
19.3,0.191950054,38.56,0.52,6.137,87.4,2.97,2.42,2.88,2.58,19.1,13.44,6.886,14.1544,36,0.05540686,YES,None,YES
20.1,0.130677324,38.56,0.52,6.167,90,2.63,2.25,2.68,2.13,19.1,12.33,7.102,10.1608,20,0.045728768,YES,None,YES
19.5,0.124533533,38.56,0.52,5.851,96.7,2.19,1.95,2.13,2.15,19.1,16.47,7.89,13.156,57,0.05142062,YES,None,YES
19.5,0.158028864,38.56,0.52,5.836,91.9,2.37,2.07,2.48,1.92,19.1,18.66,10.29,14.156,20,0.048169777,YES,Lake,YES
20.4,0.123252495,38.56,0.52,6.127,85.2,2.35,1.95,2.17,2.02,19.1,14.09,6.008,14.1632,57,0.05169746,YES,Lake and River,YES
19.8,0.120463883,38.56,0.52,6.474,97.1,2.72,2.18,2.54,2.3,19.1,12.27,8.596,10.1584,48,0.050114607,NO,Lake and River,YES
19.4,0.233988531,38.56,0.52,6.229,91.2,2.57,2.28,2.88,2.45,19.1,15.55,9.788,14.1552,41,0.055473931,YES,None,YES
21.7,0.102493409,38.56,0.52,6.195,54.4,3.05,2.6,3.04,2.42,19.1,13,6.934,10.1736,37,0.045227306,YES,None,YES
22.8,0.096073525,40.01,0.547,6.715,81.6,2.81,2.63,3,2.26,22.2,10.16,5.656,13.1824,34,0.05432915,YES,River,YES
18.8,0.116261879,40.01,0.547,5.913,92.9,2.55,2.23,2.56,2.07,22.2,16.21,,15.1504,35,0.057643674,YES,River,YES
18.7,0.200587056,40.01,0.547,6.092,95.4,2.59,2.25,2.55,2.8,22.2,17.09,10.074,10.1496,59,0.060331195,YES,River,YES
18.5,0.133052528,40.01,0.547,6.254,84.2,2.54,2.14,2.29,2.05,22.2,10.45,6.67,12.148,39,0.056980267,NO,Lake and River,YES
18.3,0.158148393,40.01,0.547,5.928,88.2,2.56,2.41,2.72,2.16,22.2,15.76,7.566,11.1464,24,0.053824188,NO,None,YES
21.2,0.123614886,40.01,0.547,6.176,72.5,2.93,2.71,3,2.28,22.2,12.04,6.524,13.1696,23,0.052774054,NO,None,YES
19.2,0.140613753,40.01,0.547,6.021,82.6,2.77,2.49,2.92,2.81,22.2,10.3,9.484,15.1536,28,0.060808694,NO,Lake and River,YES
20.4,0.122730775,40.01,0.547,5.872,73.1,2.8,2.27,2.62,2.22,22.2,15.37,8.008,14.1632,40,0.056588861,YES,River,YES
19.3,0.135195008,40.01,0.547,5.731,65.2,2.96,2.52,2.92,2.63,22.2,13.61,10.186,11.1544,20,0.052908001,YES,River,YES
22,0.066714277,55.65,0.581,5.87,69.7,2.4,2.16,2.53,1.94,20.9,14.37,7.84,10.176,23,0.056973923,YES,River,YES
20.3,0.069199517,55.65,0.581,6.004,84.1,2.44,1.96,2.37,2.02,20.9,14.27,9.706,10.1624,39,0.056765616,YES,Lake and River,YES
20.5,0.08891706,55.65,0.581,5.961,92.9,2.34,1.85,2.27,1.9,20.9,17.93,8.91,10.164,51,0.060720897,YES,None,YES
17.3,0.140092323,55.65,0.581,5.856,97,2.22,1.82,2.07,1.67,20.9,25.41,9.146,10.1384,51,0.052355372,YES,Lake,YES
18.8,0.093936509,55.65,0.581,5.879,95.8,2.21,1.74,2.2,1.88,20.9,17.58,6.276,13.1504,56,0.062119064,NO,River,YES
21.4,0.156165791,55.65,0.581,5.986,88.4,2.13,1.85,2.29,1.69,20.9,14.81,8.128,14.1712,22,0.060716839,YES,Lake,YES
15.7,0.327395453,55.65,0.581,5.613,95.6,1.93,1.52,1.8,1.77,20.9,27.26,7.714,10.1256,42,0.063462127,NO,Lake,YES
16.2,0.23043689,51.89,0.624,5.693,96,2.09,1.73,1.84,1.49,18.8,17.19,5.924,15.1296,31,0.056659877,YES,None,YES
18,0.281736935,51.89,0.624,6.431,98.8,1.96,1.61,1.92,1.77,18.8,15.39,8.16,14.144,41,0.056365006,NO,None,YES
14.3,0.63193645,51.89,0.624,5.637,94.7,2.3,1.88,2.1,1.65,18.8,18.34,7.886,10.1144,30,0.058060503,YES,Lake,YES
19.2,0.292714389,51.89,0.624,6.458,98.9,2.37,1.93,2.36,1.81,18.8,12.6,8.984,13.1536,25,0.066273177,YES,None,YES
19.6,0.785243109,51.89,0.624,6.326,97.7,2.54,2.03,2.42,2.09,18.8,12.26,7.592,12.1568,29,0.055879606,YES,None,YES
23,0.463765462,51.89,0.624,6.372,97.9,2.41,2.16,2.4,2.34,18.8,11.12,8.96,12.184,57,0.05495705,YES,Lake and River,YES
18.4,0.285043595,51.89,0.624,5.822,95.4,2.73,2.42,2.53,2.21,18.8,15.03,10.268,10.1472,58,0.061670168,YES,Lake and River,YES
15.6,0.681160628,51.89,0.624,5.757,98.4,2.35,2.28,2.53,2.23,18.8,17.31,9.012,11.1248,32,0.064571272,NO,Lake and River,YES
18.1,0.443261731,51.89,0.624,6.335,98.2,2.22,2.07,2.32,1.83,18.8,16.96,7.862,11.1448,37,0.066297131,YES,River,YES
17.4,0.279629739,51.89,0.624,5.942,93.5,2.26,1.84,2.18,1.59,18.8,16.9,10.148,10.1392,37,0.062157471,NO,River,YES
17.1,0.301829031,51.89,0.624,6.454,98.4,2.15,1.53,2.17,1.55,18.8,14.59,6.942,11.1368,40,0.067321325,YES,None,YES
13.3,0.222983539,51.89,0.624,5.857,98.2,1.89,1.41,1.84,1.53,18.8,21.32,8.066,14.1064,39,0.059284665,NO,River,YES
17.8,0.434713182,51.89,0.624,6.151,97.9,1.91,1.59,1.68,1.49,18.8,18.46,8.656,10.1424,29,0.059113982,YES,Lake,YES
14,0.25533965,51.89,0.624,6.174,93.6,1.86,1.54,1.87,1.18,18.8,24.16,5.68,10.112,28,0.056976992,NO,Lake,YES
14.4,0.966466602,51.89,0.624,5.019,100,1.63,1.32,1.71,1.1,18.8,34.41,9.988,12.1152,43,0.056051787,YES,None,YES
13.4,1.463498428,49.58,0.871,5.403,100,1.34,1.04,1.64,1.27,25.3,26.82,5.268,13.1072,42,0.080678048,YES,River,YES
15.6,1.628730606,49.58,0.871,5.468,100,1.64,1.2,1.58,1.23,25.3,26.42,7.312,13.1248,25,0.07925606,YES,None,YES
11.8,1.329655224,49.58,0.871,4.903,97.8,1.48,1.08,1.55,1.27,25.3,29.29,6.636,13.0944,52,0.079429069,YES,River,YES
13.8,1.217680424,49.58,0.871,6.13,100,1.69,1.26,1.72,1.01,25.3,27.8,7.776,10.1104,59,0.084516058,YES,River,YES
15.6,1.149004344,49.58,0.871,5.628,100,1.82,1.49,1.69,1.06,25.3,16.65,5.612,10.1248,32,0.075905363,YES,River,YES
14.6,1.214503165,49.58,0.871,4.926,95.7,1.77,1.36,1.66,1.05,25.3,29.53,6.892,11.1168,24,0.079946625,NO,None,YES
17.8,1.203269557,49.58,0.871,5.186,93.8,1.58,1.23,1.6,1.72,25.3,28.32,9.856,14.1424,43,0.08378952,NO,Lake,YES
15.4,1.317472011,49.58,0.871,5.597,94.9,1.76,1.22,1.59,1.52,25.3,21.45,10.108,15.1232,48,0.075894744,NO,None,YES
21.5,0.97704711,49.58,0.871,6.122,97.3,1.65,1.52,1.93,1.37,25.3,14.1,5.53,12.172,34,0.083032787,NO,River,YES
19.6,0.914817647,49.58,0.871,5.404,100,1.86,1.46,1.77,1.27,25.3,13.28,6.492,11.1568,42,0.075318927,NO,River,YES
15.3,0.754515056,49.58,0.871,5.012,88,1.82,1.56,1.9,1.16,25.3,12.12,5.406,10.1224,46,0.085078322,YES,None,YES
19.4,1.147142101,49.58,0.871,5.709,98.5,1.78,1.36,1.9,1.45,25.3,15.79,6.088,12.1552,58,0.083903874,NO,None,YES
17,0.881222983,49.58,0.871,6.129,96,1.77,1.47,1.97,1.78,25.3,15.12,7.44,15.136,48,0.080515947,NO,Lake and River,YES
15.6,1.511827289,49.58,0.871,6.152,82.6,1.88,1.45,1.92,1.74,25.3,15.02,9.912,11.1248,37,0.086711473,NO,River,YES
13.1,1.237411449,49.58,0.871,5.272,94,1.99,1.71,1.85,1.39,25.3,16.14,6.362,10.1048,60,0.074884947,NO,River,YES
41.3,0.79911851,49.58,0.605,6.943,97.4,1.99,1.76,1.92,1.84,25.3,4.59,8.226,13.3304,57,0.05481416,YES,None,YES
24.3,0.851363869,49.58,0.605,6.066,100,1.96,1.54,1.9,1.63,25.3,6.43,8.886,13.1944,46,0.055598528,NO,River,YES
23.3,0.885839772,49.58,0.871,6.51,100,1.84,1.69,1.98,1.56,25.3,7.39,7.166,12.1864,36,0.076488584,YES,Lake,YES
27,0.8213029,49.58,0.605,6.25,92.6,1.86,1.52,1.88,1.94,25.3,5.5,8.44,12.216,23,0.051890692,YES,Lake,YES
50,0.901526272,49.58,0.605,7.489,90.8,2.17,1.89,2.13,1.69,25.3,1.73,10.5,11.4,35,0.053896795,YES,None,YES
50,1.041607981,49.58,0.605,7.802,98.2,2.26,1.76,2.11,2.04,25.3,1.92,8.4,12.4,22,0.055681854,YES,Lake,YES
50,0.923869937,49.58,0.605,8.375,93.9,2.26,1.94,2.4,2.05,25.3,3.32,8,12.4,57,0.060273298,YES,River,YES
22.7,1.17630146,49.58,0.605,5.854,91.8,2.71,2.39,2.49,2.1,25.3,11.64,8.354,15.1816,56,0.065833104,YES,Lake,YES
25,1.367111542,49.58,0.605,6.101,93,2.37,2.28,2.59,1.89,25.3,9.81,10,12.2,22,0.053283066,YES,River,YES
50,1.1020032,49.58,0.605,7.929,96.2,2.11,1.91,2.31,1.86,25.3,3.7,8.3,15.4,37,0.052105035,YES,River,YES
23.8,1.029719412,49.58,0.605,5.877,79.2,2.69,2.21,2.58,2.22,25.3,12.14,10.076,10.1904,22,0.054831218,YES,Lake,YES
23.8,1.194043673,49.58,0.605,6.319,96.1,2.29,2.04,2.24,1.83,25.3,11.1,6.676,11.1904,23,0.066262309,NO,None,YES
22.3,1.23823799,49.58,0.605,6.402,95.2,2.3,2.12,2.33,2.3,25.3,11.32,5.546,15.1784,22,0.053555634,NO,Lake and River,YES
17.4,0.791824413,49.58,0.605,5.875,94.6,2.7,2.42,2.72,1.86,25.3,14.43,7.948,11.1392,28,0.060587462,NO,Lake,YES
19.1,1.198125744,49.58,0.605,5.88,97.3,2.62,2.36,2.55,2.03,25.3,12.03,9.782,12.1528,54,0.057446331,NO,River,YES
23.1,0.130273592,34.05,0.51,5.572,88.5,2.7,2.54,2.73,2.42,23.4,14.69,9.362,12.1848,38,0.052949504,NO,River,YES
23.6,0.087809392,34.05,0.51,6.416,84.1,2.86,2.57,2.77,2.39,23.4,9.04,9.872,10.1888,59,0.053992976,YES,None,YES
22.6,0.081091388,34.05,0.51,5.859,68.7,2.84,2.7,3.03,2.24,23.4,9.64,9.752,15.1808,35,0.052971979,YES,River,YES
29.4,0.064513521,34.05,0.51,6.546,33.1,3.22,2.91,3.21,3.18,23.4,5.33,6.188,12.2352,48,0.050839826,YES,None,YES
23.2,0.067864235,34.05,0.51,6.02,47.2,3.75,3.41,3.78,3.28,23.4,10.11,8.564,15.1856,49,0.05195249,YES,Lake,YES
24.6,0.052829614,34.05,0.51,6.315,73.4,3.35,3.28,3.41,3.24,23.4,6.29,7.092,14.1968,31,0.047376831,YES,Lake,YES
29.9,0.064307244,34.05,0.51,6.86,74.4,3.19,2.75,3.21,2.5,23.4,6.92,5.898,11.2392,28,0.054717152,NO,None,YES
37.2,0.05619128,32.46,0.488,6.98,58.4,3.11,2.55,2.84,2.82,22.2,5.04,9.744,11.2976,50,0.045500586,NO,Lake,YES
39.8,0.063800749,32.46,0.488,7.765,83.3,2.98,2.66,2.96,2.36,22.2,7.56,8.496,14.3184,60,0.046516009,YES,Lake and River,YES
36.2,0.066611371,32.46,0.488,6.144,62.2,2.69,2.39,2.79,2.52,22.2,9.45,6.624,15.2896,59,0.056018002,YES,River,YES
37.9,0.087122204,32.46,0.488,7.155,92.2,2.72,2.65,2.92,2.5,22.2,4.82,9.258,15.3032,56,0.042959915,YES,River,YES
32.5,0.095382904,32.46,0.488,6.563,95.6,3.04,2.67,2.91,2.76,22.2,5.68,7.35,14.26,60,0.045047217,YES,Lake,YES
26.4,0.079808834,32.46,0.488,5.604,89.8,3.06,2.84,3.15,2.91,22.2,13.98,9.928,10.2112,27,0.046676165,YES,Lake,YES
29.6,0.058712206,32.46,0.488,6.153,68.8,3.43,3.05,3.5,3.14,22.2,13.15,8.192,11.2368,45,0.046596095,YES,Lake,YES
50,0.054507124,32.46,0.488,7.831,53.6,3.45,3.19,3.51,2.65,22.2,4.45,6,13.4,35,0.045703391,YES,Lake,YES
32,0.075802963,33.44,0.437,6.782,41.1,3.81,3.7,3.87,3.77,24.8,6.68,7.84,13.256,23,0.042225334,YES,River,YES
29.8,0.118485011,33.44,0.437,6.556,29.1,4.62,4.28,4.68,4.69,24.8,4.56,7.596,10.2384,40,0.045949197,YES,River,YES
34.9,0.080381112,33.44,0.437,7.185,38.9,4.83,4.43,4.68,4.33,24.8,5.39,9.298,14.2792,20,0.04637912,NO,River,YES
33,0.086801355,33.44,0.437,6.951,21.5,6.54,6.36,6.71,6.31,24.8,5.1,6.16,11.264,55,0.050923075,NO,None,YES
30.5,0.066826527,33.44,0.437,6.739,30.8,6.71,6.42,6.74,6.05,24.8,4.69,8.81,11.244,40,0.038316195,NO,None,YES
36.4,0.083090367,33.44,0.437,7.178,26.3,6.76,6.34,6.6,6.21,24.8,2.87,10.528,11.2912,40,0.044716451,YES,Lake,YES
31.1,0.021634282,32.93,0.401,6.8,9.9,6.46,6.13,6.45,5.84,24.4,5.03,6.822,13.2488,24,0.041103452,NO,River,YES
29.1,0.014287447,32.93,0.401,6.604,18.8,6.51,6.03,6.46,5.88,24.4,4.38,9.282,14.2328,59,0.04883319,NO,River,YES
50,0.013715511,30.46,0.422,7.875,32,5.81,5.53,5.76,5.5,25.6,2.97,8.2,14.4,26,0.042971351,YES,River,YES
33.3,0.039326477,31.52,0.404,7.287,34.1,7.58,7.2,7.51,6.95,27.4,4.08,7.266,15.2664,20,0.036635762,YES,Lake and River,YES
30.3,0.045604142,31.52,0.404,7.107,36.6,7.64,7.02,7.4,7.18,27.4,8.61,6.906,14.2424,24,0.040063074,YES,Lake and River,YES
34.6,0.036987452,31.52,0.404,7.274,38.3,7.53,7.22,7.46,7.03,27.4,6.62,10.192,14.2768,43,0.041173937,NO,Lake,YES
34.9,0.031014054,31.47,0.403,6.975,15.3,7.97,7.52,7.78,7.34,23,4.56,7.998,13.2792,24,0.041283982,YES,None,YES
32.9,0.017623785,31.47,0.403,7.135,13.9,7.79,7.63,7.97,7.22,23,4.45,5.958,10.2632,22,0.046477735,NO,Lake,YES
24.1,0.033869885,32.03,0.415,6.162,38.4,6.4,6.07,6.4,6.22,25.3,7.43,7.782,12.1928,32,0.041438068,YES,River,YES
42.3,0.021536418,32.03,0.415,7.61,15.7,6.35,6.09,6.53,6.1,25.3,3.11,10.546,14.3384,30,0.045898658,NO,Lake and River,YES
48.5,0.03449804,32.68,0.4161,7.853,33.2,5.37,5.03,5.3,4.77,25.3,3.81,8.77,11.388,22,0.040932911,NO,None,YES
50,0.019890859,32.68,0.4161,8.034,31.9,5.41,4.8,5.28,4.99,25.3,2.88,8.9,15.4,51,0.044178168,YES,River,YES
22.6,0.12788297,40.59,0.489,5.891,22.3,4.24,3.62,4.11,3.82,21.4,10.87,7.952,15.1808,26,0.056222,YES,River,YES
24.4,0.206762105,40.59,0.489,6.326,52.5,4.63,4.24,4.47,4.09,21.4,10.97,6.688,11.1952,52,0.051027894,YES,River,YES
22.5,0.224734285,40.59,0.489,5.783,72.7,4.64,4.25,4.6,3.92,21.4,18.06,7.95,10.18,38,0.05189131,YES,None,YES
24.4,0.127398877,40.59,0.489,6.064,59.1,4.3,3.99,4.55,4.12,21.4,14.66,6.888,14.1952,31,0.044689385,YES,None,YES
20,0.3616595,40.59,0.489,5.344,100,3.95,3.86,4.14,3.55,21.4,23.09,7.9,13.16,60,0.056197535,NO,None,YES
21.7,0.160808467,40.59,0.489,5.96,92.1,3.91,3.63,3.96,4,21.4,17.27,8.034,12.1736,36,0.044598056,YES,None,YES
19.3,0.319020843,40.59,0.489,5.404,88.6,3.99,3.41,3.8,3.46,21.4,23.98,5.986,14.1544,39,0.048873203,NO,River,YES
22.4,0.196544923,40.59,0.489,5.807,53.8,3.66,3.58,3.8,3.57,21.4,16.03,6.848,13.1792,20,0.052656085,YES,River,YES
28.1,0.131484299,40.59,0.489,6.375,32.3,4.11,3.92,4.18,3.57,21.4,9.38,7.562,10.2248,6,0.044019172,YES,None,YES
23.7,0.25429332,40.59,0.489,5.412,9.8,3.68,3.48,3.67,3.53,21.4,29.55,5.674,11.1896,21,0.056117611,YES,None,YES
25,0.180670194,40.59,0.489,6.182,42.4,4.15,3.81,3.96,3.87,21.4,9.47,,12.2,30,0.04792534,YES,Lake,YES
23.3,0.044590883,43.89,0.55,5.888,56,3.44,2.97,3.43,2.61,23.6,13.51,5.466,12.1864,22,0.061620518,YES,Lake and River,YES
28.7,0.067780136,43.89,0.55,6.642,85.1,3.52,3.19,3.69,3.28,23.6,9.69,9.274,14.2296,23,0.048611305,NO,None,YES
21.5,0.104981444,43.89,0.55,5.951,93.8,2.92,2.88,3.08,2.68,23.6,17.92,8.73,14.172,49,0.048031734,YES,None,YES
23,0.108181533,43.89,0.55,6.373,92.4,3.65,3.25,3.37,3.19,23.6,10.5,6.16,13.184,21,0.056016354,YES,None,YES
26.7,0.306079301,36.2,0.507,6.951,88.5,3.03,2.72,3.03,2.66,22.6,9.71,8.734,11.2136,23,0.053540387,NO,River,YES
21.7,0.341964271,36.2,0.507,6.164,91.3,3.31,3.04,3.16,2.68,22.6,21.46,5.734,14.1736,37,0.057325565,YES,None,YES
27.5,0.484621269,36.2,0.507,6.879,77.7,3.41,3.21,3.38,3.09,22.6,9.93,9.45,12.22,50,0.046840009,YES,Lake and River,YES
30.1,0.479149181,36.2,0.507,6.618,80.8,3.5,3.2,3.54,2.84,22.6,7.6,9.702,12.2408,39,0.0490122,YES,River,YES
44.8,0.274087585,36.2,0.504,8.266,78.3,2.96,2.73,3.13,2.76,22.6,4.14,6.796,12.3584,47,0.056999654,YES,Lake,YES
50,0.423259184,36.2,0.504,8.725,83,3.13,2.61,2.95,2.88,22.6,4.63,7.5,13.4,20,0.056994369,YES,River,YES
37.6,0.323633023,36.2,0.504,8.04,86.5,3.49,2.96,3.31,3.1,22.6,3.13,5.952,10.3008,54,0.053115719,YES,Lake and River,YES
31.6,0.345276225,36.2,0.504,7.163,79.9,3.31,3.12,3.28,3.16,22.6,6.36,6.332,10.2528,34,0.054049996,NO,River,YES
46.7,0.260970987,36.2,0.504,7.686,17,3.55,3.3,3.61,3.05,22.6,3.92,10.134,14.3736,43,0.054927989,YES,Lake,YES
31.5,0.365878461,36.2,0.504,6.552,21.4,3.56,3.28,3.42,3.23,22.6,3.76,7.33,15.252,47,0.044352419,YES,None,YES
24.3,0.429832465,36.2,0.504,5.981,68.1,3.97,3.38,3.88,3.47,22.6,11.65,8.286,10.1944,59,0.046602048,NO,None,YES
31.7,0.380461781,36.2,0.504,7.412,76.9,3.88,3.34,3.87,3.6,22.6,5.25,6.734,10.2536,26,0.05392758,YES,None,YES
41.7,0.454439382,36.2,0.507,8.337,73.3,4.06,3.82,3.9,3.58,22.6,2.47,6.634,11.3336,28,0.057302659,YES,River,YES
48.3,0.286283595,36.2,0.507,8.247,70.4,3.82,3.49,3.74,3.55,22.6,3.95,9.066,11.3864,23,0.050358562,YES,None,YES
29,0.370121137,36.2,0.507,6.726,66.5,3.67,3.38,3.97,3.59,22.6,8.05,9.88,13.232,32,0.044080596,YES,River,YES
24,0.285517231,36.2,0.507,6.086,61.5,3.91,3.39,3.81,3.49,22.6,10.88,9.18,14.192,57,0.052493323,YES,None,YES
25.1,0.419091841,36.2,0.507,6.631,76.5,4.46,3.9,4.2,4.03,22.6,9.54,9.402,15.2008,36,0.046360973,YES,Lake and River,YES
31.5,0.413320838,36.2,0.507,7.358,71.6,4.24,3.82,4.33,4.2,22.6,4.73,10.53,12.252,34,0.056108329,YES,River,YES
23.7,0.079217752,34.93,0.428,6.481,18.5,6.26,6.12,6.45,5.93,23.4,6.36,7.374,12.1896,48,0.049067932,YES,Lake and River,YES
23.3,0.088486954,34.93,0.428,6.606,42.2,6.25,6.11,6.41,5.99,23.4,7.37,5.566,15.1864,51,0.041232141,NO,Lake and River,YES
27,0.107319595,34.93,0.428,6.897,54.3,6.49,6.13,6.4,6.32,23.4,11.38,10.24,11.216,24,0.038641351,YES,None,YES
20.1,0.100858396,34.93,0.428,6.095,65.1,6.43,6.08,6.63,6.2,23.4,12.4,8.302,13.1608,41,0.039667516,NO,None,YES
22.2,0.097943074,34.93,0.428,6.358,52.9,7.11,6.81,7.19,7.03,23.4,11.22,6.044,10.1776,42,0.041118808,YES,River,YES
23.7,0.120064875,34.93,0.428,6.393,7.8,7.06,6.97,7.13,6.99,23.4,5.19,7.374,15.1896,26,0.048029264,YES,River,YES
17.6,0.187375431,35.86,0.431,5.593,76.5,8.15,7.62,8.12,7.93,20.9,12.5,6.252,12.1408,42,0.041141822,NO,None,YES
18.5,0.17507033,35.86,0.431,5.605,70.2,8.28,7.83,8.28,7.43,20.9,18.46,9.27,10.148,59,0.043718216,YES,None,YES
24.3,0.29254274,35.86,0.431,6.108,34.9,8.37,7.78,8.38,7.69,20.9,9.16,7.086,11.1944,25,0.048857201,YES,None,YES
20.5,0.179459131,35.86,0.431,6.226,79.2,8.17,7.99,8.3,7.76,20.9,10.15,9.81,12.164,31,0.046513913,NO,River,YES
24.5,0.152197345,35.86,0.431,6.433,49.1,8.05,7.74,7.89,7.63,20.9,9.52,8.39,15.196,43,0.049388751,YES,River,YES
26.2,0.174566564,35.86,0.431,6.718,17.5,8.08,7.6,8.08,7.54,20.9,6.56,9.324,11.2096,39,0.044233351,YES,None,YES
24.4,0.131291386,35.86,0.431,6.487,13,7.5,7.32,7.63,7.14,20.9,5.9,6.188,14.1952,38,0.038843516,YES,River,YES
24.8,0.193994825,35.86,0.431,6.438,8.9,7.43,7.18,7.41,7.57,20.9,3.59,10.296,12.1984,50,0.046856215,NO,Lake,YES
29.6,0.079005247,35.86,0.431,6.957,6.8,9.18,8.85,9.1,8.49,20.9,3.53,8.992,12.2368,57,0.0395258,NO,Lake and River,YES
42.8,0.314036718,35.86,0.431,8.259,8.4,9.03,8.89,9.07,8.64,20.9,3.54,10.856,13.3424,53,0.050873374,NO,River,YES
21.9,0.047064867,33.64,0.392,6.108,32,9.39,9.01,9.31,9.16,23.6,6.57,6.538,12.1752,56,0.036968617,NO,River,YES
20.9,0.034865087,33.64,0.392,5.876,19.1,9.23,9.11,9.48,9.06,23.6,9.25,7.818,15.1672,31,0.043736448,NO,None,YES
44,0.015262927,33.75,0.394,7.454,34.2,6.66,6.03,6.67,5.98,24.1,3.11,6.68,13.352,38,0.042191684,NO,River,YES
50,0.477190244,33.97,0.647,8.704,86.9,2.09,1.53,1.83,1.76,27,5.12,8.6,11.4,54,0.055193191,YES,River,YES
36,0.508929828,33.97,0.647,7.333,100,2.2,1.74,2.02,1.61,27,7.79,8.02,15.288,58,0.060092539,YES,River,YES
30.1,0.504797491,33.97,0.647,6.842,100,2.2,1.82,2.32,1.71,27,6.9,7.302,11.2408,40,0.0598956,YES,River,YES
33.8,0.431853842,33.97,0.647,7.203,81.8,2.12,1.95,2.37,2.01,27,9.59,,11.2704,21,0.068040719,YES,Lake,YES
43.1,0.427956927,33.97,0.647,7.52,89.4,2.4,2,2.15,2,27,7.26,6.662,11.3448,24,0.06503824,YES,Lake and River,YES
48.8,0.418802436,33.97,0.647,8.398,91.5,2.55,2.04,2.39,2.17,27,5.91,10.076,15.3904,24,0.055130645,YES,River,YES
31,0.601722443,33.97,0.647,7.327,94.5,2.41,2.02,2.21,1.68,27,11.25,5.72,11.248,60,0.055456883,YES,None,YES
36.5,0.438300091,33.97,0.647,7.206,91.6,1.96,1.91,2.22,1.63,27,8.1,8.53,14.292,36,0.058798548,YES,River,YES
22.8,0.56623384,33.97,0.647,5.56,62.8,2.1,1.97,2.06,1.81,27,10.45,7.456,13.1824,59,0.058891324,NO,None,YES
30.7,0.579810495,33.97,0.647,7.014,84.6,2.22,1.86,2.36,2.09,27,14.79,6.114,10.2456,41,0.05775938,NO,River,YES
50,0.456373662,33.97,0.575,8.297,67,2.6,2.13,2.43,2.52,27,7.44,8,15.4,42,0.063234775,YES,None,YES
43.5,0.432107039,33.97,0.575,7.47,52.6,3.17,2.62,2.98,2.71,27,3.16,9.07,15.348,43,0.050390185,NO,Lake,YES
20.7,0.086773849,36.96,0.464,5.92,61.5,4.22,3.63,3.97,3.85,21.4,13.65,10.414,14.1656,29,0.052332701,NO,Lake and River,YES
21.1,0.261717902,36.96,0.464,5.856,42.1,4.66,4.21,4.51,4.34,21.4,13,6.222,15.1688,27,0.046563106,YES,None,YES
25.2,0.150237318,36.96,0.464,6.24,16.3,4.56,4.37,4.69,4.1,21.4,6.59,6.604,10.2016,25,0.043394822,NO,River,YES
24.4,0.108495596,36.96,0.464,6.538,58.7,4.01,3.63,4.12,3.91,21.4,7.73,8.488,13.1952,40,0.043963559,YES,River,YES
35.2,0.200390656,36.96,0.464,7.691,51.8,4.53,4.1,4.48,4.36,21.4,6.58,6.004,10.2816,39,0.042436929,YES,River,YES
32.4,0.054904765,36.41,0.447,6.758,32.9,4.2,3.98,4.38,3.76,22.4,3.53,10.648,12.2592,30,0.042514896,NO,River,YES
32,0.091703684,36.41,0.447,6.854,42.8,4.28,4.1,4.54,4.15,22.4,2.98,8.84,12.256,23,0.038411883,YES,River,YES
33.2,0.099564753,36.41,0.447,7.267,49,4.94,4.68,4.97,4.56,22.4,6.05,8.564,11.2656,35,0.042341511,NO,Lake,YES
33.1,0.059466304,36.41,0.447,6.826,27.6,5.14,4.84,4.92,4.55,22.4,4.16,6.262,11.2648,21,0.041667833,NO,River,YES
29.1,0.076757317,36.41,0.447,6.482,32.1,4.22,4.08,4.4,3.85,22.4,7.19,6.282,10.2328,38,0.047733893,YES,River,YES
35.1,0.19093436,33.33,0.4429,6.812,32.2,4.35,3.92,4.22,3.91,25.1,4.85,9.602,12.2808,26,0.051259589,NO,Lake,YES
45.4,0.035154766,33.33,0.4429,7.82,64.5,4.98,4.67,4.84,4.29,25.1,3.76,7.108,10.3632,50,0.041950915,NO,None,YES
35.4,0.036380144,33.33,0.4429,6.968,37.2,5.55,4.92,5.57,4.94,25.1,4.59,8.508,14.2832,48,0.042131214,YES,None,YES
46,0.059485149,33.33,0.4429,7.645,49.7,5.46,4.94,5.43,5.01,25.1,3.01,8.72,12.368,25,0.05114129,YES,Lake,YES
50,0.014898465,31.21,0.401,7.923,24.8,6.15,5.84,5.97,5.58,26.4,3.16,8.7,13.4,20,0.048894815,YES,Lake,YES
32.2,0.009019204,32.97,0.4,7.088,20.8,7.44,7,7.64,7.15,24.7,7.85,7.844,12.2576,30,0.042339768,YES,Lake and River,YES
22,0.010900374,32.25,0.389,6.453,31.9,7.33,7.11,7.48,7.31,24.7,8.23,10.44,14.176,55,0.034687927,YES,None,YES
20.1,0.019459431,31.76,0.385,6.23,31.5,9.21,8.92,9.41,8.81,21.8,12.93,8.302,10.1608,39,0.033291762,YES,None,YES
23.2,0.037979559,35.32,0.405,6.209,31.3,7.45,7.2,7.58,7.05,23.4,7.14,9.964,14.1856,60,0.043226217,YES,Lake,YES
22.3,0.044877759,35.32,0.405,6.315,45.6,7.63,7.04,7.46,7.14,23.4,7.6,5.846,12.1784,22,0.034847434,NO,River,YES
24.8,0.042072412,35.32,0.405,6.565,22.9,7.33,6.99,7.45,7.5,23.4,9.51,9.096,14.1984,60,0.041045876,NO,None,YES
28.5,0.03442075,34.95,0.411,6.861,27.9,5.22,4.82,5.16,5.27,20.8,3.33,8.07,11.228,53,0.039614292,YES,River,YES
37.3,0.075904928,34.95,0.411,7.148,27.7,5.12,4.97,5.41,4.97,20.8,3.56,8.146,10.2984,37,0.047461264,YES,None,YES
27.9,0.035511921,34.95,0.411,6.63,23.4,5.25,5.04,5.37,4.81,20.8,4.7,8.458,12.2232,37,0.038906315,NO,River,YES
23.9,0.079411739,43.92,0.437,6.127,18.4,5.76,5.39,5.67,5.2,24,8.58,7.278,14.1912,46,0.04846407,YES,River,YES
21.7,0.078801938,43.92,0.437,6.009,42.3,5.54,5.47,5.56,5.44,24,10.4,8.834,11.1736,23,0.03857924,NO,Lake,YES
28.6,0.121615682,43.92,0.437,6.678,31.1,6.2,5.73,6.07,5.84,24,6.27,6.972,10.2288,44,0.042031036,YES,River,YES
27.1,0.05232676,43.92,0.437,6.549,51,6.22,5.75,6.27,5.61,24,7.39,10.442,10.2168,26,0.045355724,NO,None,YES
20.3,0.131931363,43.92,0.437,5.79,58,6.56,6.3,6.35,6.07,24,15.84,7.606,11.1624,42,0.052079028,YES,None,YES
22.5,0.062655499,32.24,0.4,6.345,20.1,8,7.67,8.03,7.61,25.2,4.97,9.45,13.18,48,0.036877731,NO,Lake,YES
29,0.054118799,32.24,0.4,7.041,10,7.84,7.81,8.11,7.56,25.2,4.74,7.98,11.232,36,0.04137643,YES,Lake,YES
24.8,0.043222311,32.24,0.4,6.871,47.4,8.09,7.68,7.89,7.65,25.2,6.07,9.096,11.1984,29,0.042859916,YES,River,YES
22,0.034758851,36.09,0.433,6.59,40.4,5.63,5.2,5.5,5.65,23.9,9.5,9.94,12.176,21,0.037135615,YES,River,YES
26.4,0.08861509,36.09,0.433,6.495,18.4,5.8,5.2,5.68,5.28,23.9,8.67,7.928,11.2112,42,0.03726343,YES,Lake and River,YES
33.1,0.09531018,36.09,0.433,6.982,17.7,5.81,5.36,5.51,5.29,23.9,4.86,8.262,14.2648,34,0.051095004,NO,None,YES
36.1,0.053682937,32.18,0.472,7.236,41.1,4.1,3.96,4.09,3.94,21.6,6.93,6.922,10.2888,55,0.052321498,NO,River,YES
28.4,0.053341695,32.18,0.472,6.616,58.1,3.63,3.05,3.65,3.15,21.6,8.93,6.568,15.2272,22,0.045315188,NO,None,YES
33.4,0.072348568,32.18,0.472,7.42,71.9,3.31,2.92,3.28,2.89,21.6,6.47,10.668,12.2672,23,0.050502605,YES,River,YES
28.2,0.048142335,32.18,0.472,6.849,70.3,3.28,2.89,3.31,3.25,21.6,7.53,10.464,12.2256,46,0.046920311,YES,Lake and River,YES
22.8,0.400774123,39.9,0.544,6.635,82.5,3.57,3.24,3.41,3.05,21.6,4.54,7.156,11.1824,31,0.058075982,NO,River,YES
20.3,0.299660049,39.9,0.544,5.972,76.7,3.4,2.91,3.28,2.82,21.6,9.97,10.106,11.1624,51,0.056731152,YES,None,YES
16.1,1.290741152,39.9,0.544,4.973,37.8,2.63,2.28,2.63,2.53,21.6,12.64,7.322,11.1288,27,0.056148028,NO,River,YES
22.1,0.582444644,39.9,0.544,6.122,52.8,2.89,2.34,2.77,2.55,21.6,5.98,8.242,15.1768,46,0.055734022,YES,River,YES
19.4,0.232452092,39.9,0.544,6.023,90.4,3,2.67,3.15,2.51,21.6,11.72,6.288,13.1552,26,0.053472691,YES,None,YES
21.6,0.238528592,39.9,0.544,6.266,82.8,3.38,2.98,3.41,3.28,21.6,7.9,8.832,14.1728,33,0.054245265,YES,None,YES
23.8,0.314226628,39.9,0.544,6.567,87.3,3.92,3.31,3.8,3.39,21.6,9.28,9.576,13.1904,56,0.054380967,YES,Lake,YES
16.2,0.225987503,39.9,0.544,5.705,77.7,4.02,3.8,4.11,3.85,21.6,11.5,6.724,12.1296,58,0.055817767,NO,River,YES
17.8,0.276320271,39.9,0.544,5.914,83.2,4.2,3.82,4.08,3.89,21.6,18.33,7.256,12.1424,43,0.051922204,NO,River,YES
19.8,0.219312221,39.9,0.544,5.782,71.7,4.13,3.94,4.34,3.73,21.6,15.94,9.796,12.1584,50,0.04706184,NO,River,YES
23.1,0.337914054,39.9,0.544,6.382,67.2,3.8,3.35,3.58,3.4,21.6,10.36,5.562,10.1848,53,0.051488997,NO,None,YES
21,0.388976583,39.9,0.544,6.113,58.8,4.07,3.86,4.24,3.84,21.6,12.73,10.32,12.168,36,0.054127891,NO,Lake and River,YES
23.8,0.15495036,37.38,0.493,6.426,52.3,4.74,4.32,4.77,4.34,20.4,7.2,6.776,13.1904,48,0.055346637,YES,River,YES
23.1,0.166860989,37.38,0.493,6.376,54.3,4.85,4.38,4.81,4.12,20.4,6.87,7.762,14.1848,40,0.046927708,YES,Lake,YES
20.4,0.300948681,37.38,0.493,6.041,49.9,4.93,4.43,4.87,4.66,20.4,7.7,8.908,13.1632,40,0.045674585,NO,None,YES
18.5,0.249917898,37.38,0.493,5.708,74.3,4.91,4.6,4.9,4.47,20.4,11.74,6.57,15.148,25,0.050020111,YES,None,YES
25,0.293482716,37.38,0.493,6.415,40.1,5,4.5,5.02,4.36,20.4,6.12,8.6,15.2,52,0.047326766,NO,River,YES
24.6,0.175515112,37.38,0.493,6.431,14.7,5.51,5.1,5.57,5.49,20.4,5.08,7.992,15.1968,45,0.045302946,NO,None,YES
23,0.265029939,37.38,0.493,6.312,28.9,5.47,5.09,5.71,5.4,20.4,6.15,7.06,12.184,36,0.048493779,YES,River,YES
22.2,0.21594168,37.38,0.493,6.083,43.7,5.59,5.38,5.48,5.21,20.4,12.79,9.044,15.1776,27,0.050830442,NO,None,YES
19.3,0.064072788,33.24,0.46,5.868,25.8,5.42,5.06,5.47,4.92,23.1,9.97,9.986,10.1544,35,0.039430781,YES,Lake,YES
22.6,0.065075877,33.24,0.46,6.333,17.2,5.36,5.08,5.45,4.97,23.1,7.34,5.552,14.1808,53,0.045171644,NO,None,YES
19.8,0.044437849,33.24,0.46,6.144,32.2,6.02,5.55,5.9,6.03,23.1,9.09,9.396,11.1584,26,0.043030882,NO,River,YES
17.1,0.049009188,36.06,0.4379,5.706,28.4,6.67,6.56,6.66,6.67,23.1,12.43,6.742,14.1368,21,0.052187447,NO,Lake,YES
19.4,0.03407287,36.06,0.4379,6.031,23.3,6.95,6.58,6.8,6.23,23.1,7.83,7.488,14.1552,22,0.051756241,YES,None,YES
22.2,0.049580328,35.19,0.515,6.316,38.1,6.76,6.2,6.53,6.34,19.8,5.68,9.144,11.1776,34,0.049894824,NO,None,YES
20.7,0.036698304,35.19,0.515,6.31,38.5,6.52,6.34,6.69,6.29,19.8,6.75,7.514,15.1656,53,0.055402331,YES,Lake and River,YES
21.1,0.038845643,35.19,0.515,6.037,34.5,6.26,5.7,6.27,5.71,19.8,8.01,8.922,14.1688,57,0.050577407,YES,None,YES
19.5,0.033695864,35.19,0.515,5.869,46.3,5.5,4.91,5.5,5.01,19.8,9.8,10.09,15.156,53,0.044682897,NO,River,YES
18.5,0.029956781,35.19,0.515,5.895,59.6,5.86,5.49,5.68,5.43,19.8,10.56,8.27,12.148,21,0.056682367,YES,River,YES
20.6,0.032525272,35.19,0.515,6.059,37.3,4.91,4.52,5.07,4.75,19.8,8.51,8.112,14.1648,26,0.053459545,YES,River,YES
19,0.053512331,35.19,0.515,5.985,45.4,4.89,4.64,5.05,4.67,19.8,9.74,6.38,11.152,28,0.04769962,NO,Lake,YES
18.7,0.059692423,35.19,0.515,5.968,58.5,5.06,4.76,4.97,4.46,19.8,9.29,6.474,13.1496,20,0.053311543,YES,None,YES
32.7,0.012926097,31.52,0.442,7.241,49.3,7.32,6.96,7.18,6.69,24.5,5.49,6.254,13.2616,48,0.052440282,YES,None,YES
16.5,0.0246731,31.89,0.518,6.54,59.7,6.46,6.21,6.59,5.81,24.1,8.65,7.33,11.132,40,0.056545656,YES,River,YES
23.9,0.025112037,33.78,0.484,6.696,56.4,6.03,5.62,5.84,5.44,22.4,7.18,8.978,15.1912,52,0.047871549,YES,Lake and River,YES
31.2,0.030034417,33.78,0.484,6.874,28.1,6.71,6.18,6.67,6.3,22.4,4.61,10.624,11.2496,23,0.046382519,NO,River,YES
17.5,0.030655288,34.39,0.442,6.014,48.5,8.24,7.91,8.23,7.67,21.2,10.53,7.15,13.14,26,0.050677119,YES,Lake,YES
17.2,0.059796043,34.39,0.442,5.898,52.3,8.07,7.85,8.33,7.81,21.2,12.67,6.044,13.1376,46,0.044077795,NO,River,YES
23.1,0.018527305,34.15,0.429,6.516,27.7,8.87,8.29,8.58,8.41,22.1,6.36,8.162,12.1848,47,0.038407038,YES,Lake,YES
24.5,0.014898465,32.01,0.435,6.635,29.7,8.62,8.18,8.54,8.03,23,5.99,6.29,13.196,45,0.048923889,YES,None,YES
26.6,0.028577739,31.25,0.429,6.939,34.5,8.88,8.54,8.97,8.79,20.3,5.89,5.632,11.2128,30,0.039234716,YES,None,YES
22.9,0.060257496,31.25,0.429,6.49,44.4,9,8.63,9.11,8.43,20.3,5.98,7.258,15.1832,55,0.038897843,NO,River,YES
24.1,0.076497971,31.69,0.411,6.579,35.9,10.98,10.43,10.85,10.59,21.7,5.49,5.582,10.1928,45,0.036212003,YES,River,YES
18.6,0.069936426,31.69,0.411,5.884,18.5,10.83,10.55,10.97,10.5,21.7,7.79,7.372,11.1488,50,0.039638648,YES,River,YES
30.1,0.016945609,32.02,0.41,6.728,36.1,12.32,11.93,12.32,11.94,23,4.5,6.102,12.2408,40,0.047356513,YES,Lake,YES
18.2,0.042110764,31.91,0.413,5.663,21.9,10.76,10.37,10.76,10.45,18,8.05,8.764,12.1456,34,0.046933708,NO,None,YES
20.6,0.101283215,31.91,0.413,5.936,19.5,10.82,10.5,10.62,10.4,18,5.57,9.312,13.1648,53,0.044335025,NO,River,YES
17.8,2.30087964,48.1,0.77,6.212,97.4,2.16,1.81,2.43,2.09,19.8,17.6,5.956,14.1424,39,0.077295155,NO,None,YES
21.7,1.578916847,48.1,0.77,6.395,91,2.83,2.45,2.62,2.12,19.8,13.27,7.034,13.1736,56,0.075544099,NO,Lake,YES
22.7,1.824834735,48.1,0.77,6.127,83.4,2.96,2.4,2.9,2.63,19.8,11.48,6.354,15.1816,42,0.076655095,NO,Lake and River,YES
22.6,1.660380045,48.1,0.77,6.112,81.3,2.78,2.38,2.56,2.31,19.8,12.67,,14.1808,26,0.074238745,NO,Lake,YES
25,1.712341011,48.1,0.77,6.398,88,2.73,2.42,2.69,2.23,19.8,7.79,8.8,10.2,37,0.067257872,NO,None,YES
19.9,1.576261615,48.1,0.77,6.251,91.1,2.58,1.98,2.3,2.32,19.8,14.19,8.898,13.1592,56,0.073252182,YES,River,YES
20.8,1.542917696,48.1,0.77,5.362,96.2,2.27,1.8,2.21,2.14,19.8,10.19,8.016,14.1664,52,0.069929484,NO,Lake,YES
16.8,1.652955152,48.1,0.77,5.803,89,1.98,1.7,1.97,1.97,19.8,14.64,9.736,15.1344,57,0.08028456,YES,Lake and River,YES
21.9,1.498345445,48.1,0.718,8.78,82.9,1.97,1.71,1.92,2.02,19.8,5.29,8.038,12.1752,26,0.062172824,NO,River,YES
27.5,1.714855026,48.1,0.718,3.561,87.9,1.63,1.55,1.68,1.59,19.8,7.12,8.05,12.22,51,0.067931991,YES,River,YES
21.9,1.546913362,48.1,0.718,4.963,91.4,2.08,1.55,1.86,1.51,19.8,14,10.238,14.1752,58,0.075653918,NO,Lake,YES
23.1,2.675678513,48.1,0.631,3.863,100,1.53,1.39,1.54,1.57,19.8,13.33,9.962,11.1848,24,0.055889023,NO,Lake,YES
50,1.77465061,48.1,0.631,4.97,100,1.47,1.11,1.52,1.23,19.8,3.26,9.7,13.4,41,0.062356485,NO,River,YES
50,1.897616861,48.1,0.631,6.683,96.8,1.55,1.28,1.65,0.94,19.8,3.73,6.7,15.4,58,0.06747724,YES,River,YES
50,2.020057712,48.1,0.631,7.016,97.5,1.4,0.92,1.2,1.28,19.8,2.96,10.1,12.4,46,0.05922939,YES,None,YES
50,2.325549384,48.1,0.631,6.216,100,1.38,0.95,1.36,0.99,19.8,9.53,9.8,13.4,25,0.060880135,YES,None,YES
50,2.22648668,48.1,0.668,5.875,89.6,1.13,1.01,1.25,1.12,19.8,8.88,10.8,12.4,57,0.06447881,YES,None,YES
13.8,2.49387465,48.1,0.668,4.906,100,1.48,0.99,1.28,0.95,19.8,34.77,6.876,13.1104,56,0.061022409,YES,None,YES
13.8,2.970322154,48.1,0.668,4.138,100,1.46,1.04,1.15,0.9,19.8,37.97,7.076,13.1104,35,0.071138748,NO,Lake,YES
15,3.025732726,48.1,0.671,7.313,97.9,1.62,1.31,1.61,0.73,19.8,13.44,8.9,15.12,45,0.062426718,NO,None,YES
13.9,2.79042864,48.1,0.671,6.649,93.3,1.65,1.11,1.37,1.25,19.8,23.24,9.478,15.1112,26,0.070452383,YES,None,YES
13.3,2.381718772,48.1,0.671,6.794,98.8,1.57,1.07,1.52,1.27,19.8,21.24,6.066,14.1064,22,0.069007471,YES,None,YES
13.1,3.204703876,48.1,0.671,6.38,96.2,1.52,1.22,1.53,1.27,19.8,23.69,9.262,14.1048,54,0.06315332,YES,Lake,YES
10.2,2.937398463,48.1,0.671,6.223,100,1.48,1.13,1.48,1.46,19.8,21.78,7.904,11.0816,46,0.058067105,NO,Lake and River,YES
10.4,4.499545191,48.1,0.671,6.968,91.9,1.66,1.14,1.69,1.18,19.8,17.21,9.408,14.0832,21,0.066591139,YES,None,YES
10.9,2.825797681,48.1,0.671,6.545,99.1,1.78,1.3,1.64,1.35,19.8,21.08,8.618,10.0872,60,0.05814884,NO,Lake and River,YES
11.3,2.321114361,48.1,0.7,5.536,100,1.9,1.55,1.72,1.14,19.8,23.6,8.226,11.0904,46,0.060649594,YES,River,YES
12.3,2.196388673,48.1,0.7,5.52,100,1.71,1.33,1.72,1.38,19.8,24.56,6.746,15.0984,41,0.070122485,NO,Lake,YES
8.8,3.048557144,48.1,0.7,4.368,91.2,1.5,1.34,1.48,1.44,19.8,30.63,5.676,14.0704,25,0.062556587,NO,River,YES
7.2,2.879861159,48.1,0.7,5.277,98.1,1.46,1.23,1.62,1.4,19.8,30.81,10.144,13.0576,36,0.059990848,NO,Lake and River,YES
10.5,3.23450505,48.1,0.7,4.652,100,1.71,1.36,1.72,1.08,19.8,28.28,7.71,15.084,34,0.059673708,YES,River,YES
7.4,3.161123823,48.1,0.7,5,89.5,1.79,1.48,1.77,1.04,19.8,31.99,8.348,15.0592,54,0.061626983,NO,Lake and River,YES
10.2,2.730053021,48.1,0.7,4.88,100,1.77,1.37,1.65,1.57,19.8,30.62,6.104,10.0816,25,0.071030258,NO,Lake,YES
11.5,2.213944025,48.1,0.7,5.39,98.9,2,1.5,1.95,1.47,19.8,20.85,6.03,12.092,51,0.061502094,NO,Lake and River,YES
15.1,2.074699064,48.1,0.7,5.713,97,2.2,1.71,2.23,1.56,19.8,17.11,9.702,11.1208,20,0.071082586,YES,River,YES
23.2,1.83944585,48.1,0.7,6.051,82.5,2.17,1.91,2.48,2.12,19.8,18.76,9.664,10.1856,53,0.061832936,YES,River,YES
9.7,2.531941306,48.1,0.7,5.036,97,1.98,1.75,1.93,1.42,19.8,25.68,5.494,14.0776,51,0.068542099,NO,None,YES
13.8,2.266414763,48.1,0.693,6.193,92.6,1.89,1.66,2.09,1.53,19.8,15.17,9.076,14.1104,55,0.062731082,NO,River,YES
12.7,2.664432636,48.1,0.693,5.887,94.7,1.99,1.54,2.06,1.54,19.8,16.35,6.754,15.1016,40,0.065389612,NO,None,YES
13.1,2.2738512,48.1,0.693,6.471,98.8,2.04,1.48,1.83,1.55,19.8,17.12,5.762,15.1048,29,0.071121639,NO,Lake and River,YES
12.5,1.927462461,48.1,0.693,6.405,96,1.77,1.64,1.8,1.49,19.8,19.37,5.45,11.1,24,0.068462877,YES,River,YES
8.5,2.160101751,48.1,0.693,5.747,98.9,1.73,1.54,1.75,1.52,19.8,19.92,9.27,14.068,22,0.06623652,NO,None,YES
5,3.672541717,48.1,0.693,5.453,100,1.57,1.26,1.79,1.34,19.8,30.59,9.3,13.04,26,0.065253151,NO,Lake,YES
6.3,2.390279986,48.1,0.693,5.852,77.8,1.7,1.24,1.72,1.34,19.8,29.97,6.726,14.0504,42,0.061264059,NO,River,YES
5.6,3.259868045,48.1,0.693,5.987,100,1.73,1.38,1.92,1.33,19.8,26.77,9.212,11.0448,30,0.061734722,YES,Lake,YES
7.2,2.723674175,48.1,0.693,6.343,100,1.76,1.34,1.81,1.39,19.8,20.32,7.344,10.0576,50,0.070291108,YES,None,YES
12.1,2.360449202,48.1,0.693,6.404,100,1.66,1.36,1.77,1.76,19.8,20.31,5.442,14.0968,42,0.068858839,NO,River,YES
8.3,3.250440381,48.1,0.693,5.349,96,1.75,1.38,1.88,1.8,19.8,19.77,,15.0664,40,0.067688666,YES,River,YES
8.5,3.750190899,48.1,0.693,5.531,85.4,1.9,1.56,1.63,1.34,19.8,27.38,8.47,11.068,56,0.061470408,NO,None,YES
5,4.232958019,48.1,0.693,5.683,100,1.53,1.19,1.44,1.54,19.8,22.98,7.3,14.04,38,0.065307953,YES,River,YES
11.9,3.078058526,48.1,0.659,4.138,100,1.46,1.01,1.4,0.84,19.8,23.34,8.538,14.0952,53,0.061901185,YES,River,YES
27.9,2.561180727,48.1,0.659,5.608,100,1.46,1.08,1.39,1.22,19.8,12.13,6.658,13.2232,26,0.067194873,YES,River,YES
17.2,2.128694694,48.1,0.597,5.617,97.9,1.53,1.35,1.57,1.37,19.8,26.4,6.444,12.1376,25,0.052765327,NO,River,YES
27.5,2.736851435,48.1,0.597,6.852,100,1.52,1.28,1.48,1.58,19.8,19.78,7.65,14.22,57,0.056582992,YES,Lake,YES
15,3.953851853,48.1,0.597,5.757,100,1.69,1.32,1.58,1.06,19.8,10.11,9.6,11.12,52,0.061616148,NO,River,YES
17.2,2.711424502,48.1,0.597,6.657,100,1.56,1.41,1.66,1.48,19.8,21.22,9.644,14.1376,44,0.055100907,NO,None,YES
17.9,2.986237339,48.1,0.597,4.628,100,1.77,1.54,1.78,1.13,19.8,34.37,8.358,15.1432,40,0.058674621,NO,None,YES
16.3,3.389657722,48.1,0.597,5.155,100,1.84,1.37,1.61,1.53,19.8,20.08,6.626,14.1304,58,0.055800358,NO,River,YES
7,3.84473083,48.1,0.693,4.519,100,1.74,1.5,1.9,1.49,19.8,36.98,6.04,12.056,40,0.069262801,YES,River,YES
7.2,2.948881727,48.1,0.679,6.434,100,1.88,1.75,1.84,1.87,19.8,29.05,8.644,11.0576,59,0.058726791,NO,None,YES
7.5,2.470993645,48.1,0.679,6.782,90.8,1.9,1.54,2.04,1.8,19.8,25.79,,10.06,35,0.06461937,YES,River,YES
10.4,3.293634442,48.1,0.679,5.304,89.1,1.73,1.39,1.81,1.67,19.8,26.64,8.608,15.0832,60,0.058834904,YES,Lake and River,YES
8.8,4.311256739,48.1,0.679,5.957,100,1.96,1.69,1.85,1.7,19.8,20.62,8.476,12.0704,52,0.067903567,NO,None,YES
8.4,2.550405647,48.1,0.718,6.824,76.5,2.05,1.79,2.08,1.25,19.8,22.74,5.968,13.0672,26,0.063264165,NO,None,YES
16.7,2.492163588,48.1,0.718,6.411,100,1.93,1.81,1.88,1.81,19.8,15.02,6.034,13.1336,48,0.064850926,YES,Lake and River,YES
14.2,2.082261312,48.1,0.718,6.006,95.3,1.98,1.57,1.88,2.07,19.8,15.7,8.284,10.1136,29,0.075559551,NO,None,YES
20.8,2.568650193,48.1,0.614,5.648,87.6,2.13,1.94,2.2,1.54,19.8,14.1,8.916,11.1664,36,0.058066317,NO,None,YES
13.4,2.085724264,48.1,0.614,6.103,85.1,2.08,1.8,2.34,1.87,19.8,23.29,8.268,81.12,29,0.063343967,NO,Lake,YES
11.7,2.281577981,48.1,0.584,5.565,70.6,2.26,1.99,2.38,1.63,19.8,17.16,7.834,11.0936,57,0.063779016,NO,None,YES
8.3,2.824961746,48.1,0.679,5.896,95.4,2.15,1.71,1.97,1.81,19.8,24.39,5.566,15.0664,51,0.067305708,YES,Lake,YES
10.2,2.583786209,48.1,0.584,5.837,59.7,2.27,1.67,2.19,1.86,19.8,15.69,9.104,14.0816,33,0.055707938,NO,None,YES
10.9,3.654854619,48.1,0.679,6.202,78.7,2.07,1.66,2.12,1.6,19.8,14.52,7.518,11.0872,42,0.066286981,NO,Lake,YES
11,2.124308544,48.1,0.679,6.193,78.1,2.12,1.86,1.99,1.78,19.8,21.52,8.52,12.088,45,0.067890699,YES,River,YES
9.5,2.335912513,48.1,0.679,6.38,95.6,1.98,1.69,2.13,2.07,19.8,24.08,8.79,12.076,52,0.064037395,YES,None,YES
14.5,2.250463034,48.1,0.584,6.348,86.1,2.28,1.79,2.16,1.99,19.8,17.64,9.09,11.116,53,0.063629899,NO,River,YES
14.1,2.403542931,48.1,0.584,6.833,94.3,2.1,1.89,2.27,2.09,19.8,19.69,6.682,14.1128,29,0.054610526,YES,Lake,YES
16.1,2.007415056,48.1,0.584,6.425,74.8,2.4,1.92,2.34,2.14,19.8,12.03,8.722,10.1288,42,0.053705297,YES,None,YES
14.3,1.884197346,48.1,0.713,6.436,87.9,2.34,2.23,2.4,2.3,19.8,16.22,6.186,10.1144,46,0.061400159,NO,Lake and River,YES
11.7,2.702260138,48.1,0.713,6.208,95,2.44,2.09,2.31,2.05,19.8,15.17,7.834,11.0936,37,0.074839333,NO,None,YES
13.4,2.498184771,48.1,0.74,6.629,94.6,2.15,1.97,2.14,2.24,19.8,23.27,10.168,12.1072,46,0.076801062,NO,Lake and River,YES
9.6,2.735717247,48.1,0.74,6.461,93.3,2.32,1.82,2.11,1.75,19.8,18.05,6.092,10.0768,57,0.070157854,YES,River,YES
8.2,2.783602844,48.1,0.74,6.152,100,2.01,1.86,1.97,1.81,19.8,26.45,9.864,11.0656,60,0.06739388,NO,None,YES
8.4,2.686356587,48.1,0.74,5.935,87.9,1.85,1.61,1.87,1.95,19.8,34.02,9.568,14.0672,57,0.071117798,YES,None,YES
12.8,2.340904438,48.1,0.74,5.627,93.9,1.87,1.72,2.01,1.67,19.8,22.88,8.456,15.1024,50,0.073012667,YES,None,YES
10.5,3.137713491,48.1,0.74,5.818,92.4,2.03,1.66,1.96,1.81,19.8,22.11,7.41,12.084,38,0.075248915,NO,None,YES
17.1,2.372501005,48.1,0.74,6.406,97.2,2.33,1.97,2.16,1.81,19.8,19.52,9.242,15.1368,58,0.077408024,YES,Lake and River,YES
14.8,1.897075484,48.1,0.74,6.219,100,2.08,1.97,2.03,1.94,19.8,16.59,7.096,14.1184,54,0.07711596,NO,River,YES
15.4,2.394848819,48.1,0.74,6.485,100,2.29,1.8,2.2,1.62,19.8,18.85,6.608,14.1232,21,0.06694984,NO,River,YES
10.8,2.624835245,48.1,0.74,5.854,96.6,1.93,1.79,2.07,1.8,19.8,23.79,5.516,12.0864,34,0.065304838,NO,Lake and River,YES
11.8,2.457175676,48.1,0.74,6.459,94.8,2.2,1.7,2.01,2.04,19.8,23.98,5.336,12.0944,28,0.076180913,YES,River,YES
14.9,1.986238765,48.1,0.74,6.341,96.4,2.23,2.04,2.22,1.79,19.8,17.79,10.198,15.1192,41,0.070659667,NO,None,YES
12.6,2.391040011,48.1,0.74,6.251,96.6,2.51,2.01,2.23,2.04,19.8,16.44,9.752,11.1008,37,0.064950729,YES,None,YES
14.1,2.334964186,48.1,0.713,6.185,98.7,2.43,2.2,2.37,2.04,19.8,18.13,9.082,13.1128,52,0.067950544,YES,None,YES
13,2.143121491,48.1,0.713,6.417,98.3,2.5,2.11,2.19,1.94,19.8,19.31,8.06,12.104,27,0.073411072,YES,None,YES
13.4,2.043518984,48.1,0.713,6.749,92.6,2.4,2.11,2.37,2.4,19.8,17.44,9.068,13.1072,59,0.06132192,YES,Lake,YES
15.2,1.862705543,48.1,0.713,6.655,98.2,2.51,2.23,2.65,2.03,19.8,17.73,8.104,11.1216,41,0.061385953,YES,None,YES
16.1,1.806675996,48.1,0.713,6.297,91.8,2.48,2.26,2.37,2.36,19.8,17.27,6.722,15.1288,21,0.064521583,NO,None,YES
17.8,2.224417044,48.1,0.713,7.393,99.3,2.77,2.31,2.64,2.09,19.8,16.74,5.956,11.1424,42,0.069112577,YES,River,YES
14.4,2.352672511,48.1,0.713,6.728,94.1,2.5,2.2,2.75,2.54,19.8,18.71,5.888,14.1152,34,0.066068471,NO,River,YES
14.1,1.749611944,48.1,0.713,6.525,86.5,2.61,2.42,2.74,1.97,19.8,18.13,7.782,14.1128,36,0.061925584,NO,River,YES
12.7,1.734982747,48.1,0.713,5.976,87.9,2.65,2.3,2.78,2.59,19.8,19.01,7.154,15.1016,31,0.06376258,NO,River,YES
13.5,2.219266526,48.1,0.713,5.936,80.3,2.86,2.49,2.81,2.96,19.8,16.94,8.87,13.108,46,0.074872202,NO,None,YES
14.9,2.169308525,48.1,0.713,6.301,83.7,3.1,2.57,2.82,2.65,19.8,16.23,5.598,15.1192,39,0.064939128,NO,River,YES
20,2.054273722,48.1,0.713,6.081,84.4,2.74,2.48,2.8,2.85,19.8,14.7,5.4,14.16,27,0.072635554,YES,Lake,YES
16.4,1.759947113,48.1,0.713,6.701,90,2.9,2.38,2.63,2.48,19.8,16.42,9.428,12.1312,29,0.060878559,YES,River,YES
17.7,1.546095476,48.1,0.713,6.376,88.4,2.82,2.23,2.59,2.62,19.8,14.65,9.854,13.1416,24,0.062928764,YES,None,YES
19.5,2.035348578,48.1,0.713,6.317,83,3.04,2.43,2.8,2.67,19.8,13.99,5.89,15.156,22,0.070732691,NO,River,YES
20.2,1.920028079,48.1,0.713,6.513,89.9,3.06,2.61,2.84,2.7,19.8,10.29,8.804,15.1616,30,0.075168226,YES,None,YES
21.4,2.179209951,48.1,0.655,6.209,65.4,3.16,2.88,3.1,2.72,19.8,13.22,7.828,11.1712,55,0.057674333,NO,Lake and River,YES
19.9,1.426380085,48.1,0.655,5.759,48.2,3.26,2.81,3.27,2.92,19.8,14.13,9.998,12.1592,43,0.065980125,NO,None,YES
19,1.563389785,48.1,0.655,5.952,84.7,3.13,2.54,3.08,2.74,19.8,17.15,8.38,10.152,21,0.057142887,YES,None,YES
19.1,1.690516391,48.1,0.584,6.003,94.5,2.64,2.21,2.85,2.46,19.8,21.32,9.482,13.1528,21,0.050545377,NO,Lake and River,YES
19.1,2.807937767,48.1,0.58,5.926,71,2.96,2.9,3.12,2.66,19.8,18.13,5.882,15.1528,28,0.049370098,NO,None,YES
20.1,2.644407279,48.1,0.58,5.713,56.7,3.02,2.59,3.12,2.57,19.8,14.76,6.302,13.1608,27,0.051188122,NO,None,YES
19.9,1.676870367,48.1,0.58,6.167,84,3.22,2.97,3.06,2.89,19.8,16.29,5.598,12.1592,36,0.063720531,NO,River,YES
19.6,1.617090556,48.1,0.532,6.229,90.7,3.28,2.79,3.17,3.15,19.8,12.87,8.692,13.1568,52,0.04747729,YES,Lake and River,YES
23.2,1.519224323,48.1,0.58,6.437,75,3.04,2.63,3.01,2.9,19.8,14.36,8.464,15.1856,39,0.063409461,YES,Lake and River,YES
29.8,1.731104951,48.1,0.614,6.98,67.6,2.77,2.35,2.54,2.47,19.8,11.66,7.396,15.2384,56,0.062915696,YES,Lake and River,YES
13.8,2.203404332,48.1,0.584,5.427,95.4,2.61,2.33,2.56,2.21,19.8,18.14,9.076,11.1104,47,0.049707252,NO,Lake and River,YES
13.3,2.000549838,48.1,0.584,6.162,97.4,2.5,2.17,2.5,1.65,19.8,24.1,9.066,11.1064,27,0.063035421,YES,Lake,YES
16.7,1.770094809,48.1,0.614,6.484,93.6,2.58,2.3,2.48,1.85,19.8,18.68,6.134,14.1336,22,0.056696324,YES,River,YES
12,2.774050154,48.1,0.614,5.304,97.3,2.28,1.99,2.41,1.73,19.8,24.91,9.34,15.096,39,0.061921548,NO,Lake,YES
14.6,2.418855875,48.1,0.614,6.185,96.7,2.29,1.98,2.36,2.05,19.8,18.03,5.292,15.1168,60,0.065217793,YES,Lake,YES
21.4,2.730053021,48.1,0.614,6.229,88,2.27,1.82,2.08,1.63,19.8,13.11,6.128,10.1712,32,0.063157529,NO,River,YES
23,1.920447276,48.1,0.532,6.242,64.7,3.48,3.38,3.72,3.11,19.8,10.74,8.56,13.184,22,0.046089256,NO,River,YES
23.7,1.903327677,48.1,0.532,6.75,74.9,3.44,3.26,3.38,3.24,19.8,7.74,6.974,15.1896,46,0.046987414,NO,None,YES
25,1.906747491,48.1,0.532,7.061,77,3.67,3.33,3.46,3.18,19.8,7.01,5.5,11.2,29,0.058384238,NO,Lake,YES
21.8,1.339826249,48.1,0.532,5.762,40.3,4.41,3.89,4.25,3.85,19.8,10.42,9.636,14.1744,57,0.048221723,NO,Lake and River,YES
20.6,1.217452543,48.1,0.583,5.871,41.9,3.93,3.56,3.77,3.63,19.8,13.34,8.112,12.1648,31,0.060860495,YES,Lake,YES
21.2,1.54194463,48.1,0.583,6.312,51.9,4.03,3.85,4.07,4.01,19.8,10.58,9.024,13.1696,51,0.049993542,NO,Lake and River,YES
19.1,1.900875424,48.1,0.583,6.114,79.8,3.55,3.34,3.76,3.53,19.8,14.98,8.582,12.1528,57,0.059506497,YES,None,YES
20.6,1.763989083,48.1,0.583,5.905,53.2,3.36,2.85,3.16,3.23,19.8,11.45,8.412,11.1648,44,0.062054499,NO,None,YES
15.2,0.140509489,57.74,0.609,5.454,92.7,2.1,1.57,1.96,1.65,19.9,18.06,6.004,14.1216,28,0.060475976,NO,None,YES
7,0.1683663,57.74,0.609,5.414,98.3,2.08,1.53,1.94,1.48,19.9,23.97,9.84,15.056,29,0.065888635,NO,None,YES
8.1,0.18851898,57.74,0.609,5.093,98,1.97,1.6,1.95,1.77,19.9,29.68,9.162,10.0648,49,0.062741536,YES,Lake and River,YES
13.6,0.100514794,57.74,0.609,5.983,98.8,1.96,1.69,2.06,1.76,19.9,18.07,7.072,14.1088,47,0.056278464,NO,None,YES
20.1,0.105548498,57.74,0.609,5.983,83.5,2.25,1.82,2.12,2.24,19.9,13.35,8.902,13.1608,57,0.062228045,YES,River,YES
21.8,0.159828814,39.69,0.585,5.707,54,2.7,2.27,2.42,2.14,20.8,12.01,5.936,14.1744,31,0.058020893,YES,River,YES
24.5,0.246524084,39.69,0.585,5.926,42.6,2.55,2.14,2.39,2.44,20.8,13.59,8.79,11.196,47,0.054577495,YES,River,YES
23.1,0.16465814,39.69,0.585,5.67,28.8,3.08,2.49,3.07,2.56,20.8,17.6,8.462,14.1848,55,0.055591669,NO,Lake and River,YES
19.7,0.254332093,39.69,0.585,5.39,72.9,2.86,2.61,2.98,2.74,20.8,21.14,,12.1576,44,0.061026488,NO,River,YES
18.3,0.237740496,39.69,0.585,5.794,70.6,3.04,2.59,3.06,2.88,20.8,14.1,5.366,14.1464,55,0.057946368,YES,Lake,YES
21.2,0.21440145,39.69,0.585,6.019,65.3,2.68,2.25,2.58,2.12,20.8,12.92,5.824,14.1696,32,0.054545842,YES,River,YES
17.5,0.163673762,39.69,0.585,5.569,73.5,2.46,2.39,2.49,2.26,20.8,15.1,9.85,14.14,47,0.063466301,NO,Lake,YES
16.8,0.202434593,39.69,0.585,6.027,79.7,2.64,2.47,2.82,2.06,20.8,14.33,6.236,14.1344,54,0.052497379,NO,Lake,YES
22.4,0.060746967,41.93,0.573,6.593,69.1,2.64,2.45,2.76,2.06,19,9.67,9.348,12.1792,27,0.056005681,NO,Lake and River,YES
20.6,0.044275225,41.93,0.573,6.12,76.7,2.44,2.11,2.46,2.14,19,9.08,6.612,13.1648,20,0.059903421,YES,Lake and River,YES
23.9,0.058985632,41.93,0.573,6.976,91,2.34,2.06,2.29,1.98,19,5.64,5.478,12.1912,31,0.057572286,NO,None,YES
22,0.103990578,41.93,0.573,6.794,89.3,2.54,2.31,2.4,2.31,19,6.48,7.94,15.176,47,0.060694299,YES,None,YES
19,0.04632045,41.93,0.573,6.03,80.8,2.72,2.24,2.64,2.42,19,7.88,10.28,10.152,45,0.060335899,YES,None,YES
